{
  "eslint.config.mjs": 1784046374.7808368,
  "next-env.d.ts": 1784082013.479745,
  "next.config.ts": 1784048296.3376465,
  "postcss.config.mjs": 1784046374.816893,
  "src\\app\\layout.tsx": 1784050251.4792142,
  "src\\app\\page.tsx": 1784048426.866943,
  "src\\components\\layout\\Footer.tsx": 1784049347.6805873,
  "src\\components\\layout\\Navbar.tsx": 1784049338.369818,
  "src\\components\\sections\\home\\CTABanner.tsx": 1784049424.5210268,
  "src\\components\\sections\\home\\FeaturedWork.tsx": 1784049385.775349,
  "src\\components\\sections\\home\\Hero.tsx": 1784050263.5991757,
  "src\\components\\sections\\home\\LogoMarquee.tsx": 1784048386.9272077,
  "src\\components\\sections\\home\\PricingTeaser.tsx": 1784049404.4346657,
  "src\\components\\sections\\home\\ServicesGrid.tsx": 1784050283.7600636,
  "src\\components\\sections\\home\\Testimonials.tsx": 1784049414.6957476,
  "src\\components\\sections\\home\\WhyFrameAxis.tsx": 1784050296.228447,
  "src\\components\\ui\\Badge.tsx": 1784048362.1095684,
  "src\\components\\ui\\Button.tsx": 1784048357.1498737,
  "src\\components\\ui\\InteractiveCursor.tsx": 1784050574.9558623,
  "src\\components\\ui\\SpotlightCard.tsx": 1784050234.6753004,
  "src\\data\\case-studies.ts": 1784048341.6850567,
  "src\\data\\pricing.ts": 1784048346.9736924,
  "src\\data\\testimonials.ts": 1784048352.1409867,
  "src\\hooks\\useReducedMotion.ts": 1784048320.5718076,
  "src\\hooks\\useScrolled.ts": 1784048325.7270653,
  "src\\lib\\utils.ts": 1784048315.9851394,
  "src\\types\\case-study.ts": 1784048330.5282147,
  "src\\types\\index.ts": 1784048335.1663332,
  "AGENTS.md": 1784048231.127004,
  "CLAUDE.md": 1784048231.1279013,
  "README.md": 1784046374.7535388,
  "docs\\PRD.md": 1784046127.8428264,
  "docs\\TRD.md": 1784045624.867149,
  "public\\file.svg": 1784046374.828947,
  "public\\globe.svg": 1784046374.8420246,
  "public\\next.svg": 1784046374.8584244,
  "public\\vercel.svg": 1784046374.8736978,
  "public\\window.svg": 1784046374.8876643
}